Elo_Range,Average_Movement_Value
1000.0-1099.0,0.20770299379335347
1100.0-1195.0,0.21664543194530683
1200.0-1296.0,0.21496648044692557
1300.0-1398.0,0.13702947443181787
1406.0-1495.0,0.13976603119584072
1501.0-1569.0,0.1434566145092462
1602.0-1604.0,0.18103448275862066
